{
  "project_info": {
    "project_number": "235879569966",
    "project_id": "videocall-a8e69",
    "storage_bucket": "videocall-a8e69.appspot.com"
  },
  "client": [
    {
      "client_info": {
        "mobilesdk_app_id": "1:235879569966:android:d57d0d675920e4c73b9dbf",
        "android_client_info": {
          "package_name": "com.example.myapplication"
        }
      },
      "oauth_client": [
        {
          "client_id": "235879569966-1av10kvu6mv0e2m3tul97ijv1ve6cd8k.apps.googleusercontent.com",
          "client_type": 3
        }
      ],
      "api_key": [
        {
          "current_key": "AIzaSyB8tDdy_7lSpz738SSF-UGsZgqWrx74iSM"
        }
      ],
      "services": {
        "appinvite_service": {
          "other_platform_oauth_client": [
            {
              "client_id": "235879569966-1av10kvu6mv0e2m3tul97ijv1ve6cd8k.apps.googleusercontent.com",
              "client_type": 3
            }
          ]
        }
      }
    }
  ],
  "configuration_version": "1"
}